{"loss": [0.349465012550354, 0.22608228027820587], "f1": [0.15691837668418884, 0.23589594662189484], "val_loss": [0.298727810382843, 0.2532470226287842], "val_f1": [0.0, 0.0]}